timeStamp,elapsed,label,responseCode,responseMessage,threadName,dataType,success,failureMessage,bytes,sentBytes,grpThreads,allThreads,Latency,IdleTime,Connect
1512744060262,1002,HTTP Request,Non HTTP response code: java.net.ConnectException,Non HTTP response message: Connection refused: connect,Thread Group 1-253,text,false,,2131,0,500,500,0,0,1002
1512744060269,1000,HTTP Request,Non HTTP response code: java.net.ConnectException,Non HTTP response message: Connection refused: connect,Thread Group 1-250,text,false,,2131,0,499,499,0,0,1000
1512744060265,1004,HTTP Request,Non HTTP response code: java.net.ConnectException,Non HTTP response message: Connection refused: connect,Thread Group 1-247,text,false,,2131,0,499,499,0,0,1004
1512744060269,1000,HTTP Request,Non HTTP response code: java.net.ConnectException,Non HTTP response message: Connection refused: connect,Thread Group 1-256,text,false,,2131,0,499,499,0,0,1000
1512744060270,1002,HTTP Request,Non HTTP response code: java.net.ConnectException,Non HTTP response message: Connection refused: connect,Thread Group 1-251,text,false,,2131,0,496,496,0,0,1002
1512744060271,1002,HTTP Request,Non HTTP response code: java.net.ConnectException,Non HTTP response message: Connection refused: connect,Thread Group 1-257,text,false,,2131,0,495,495,0,0,1002
1512744060278,1001,HTTP Request,Non HTTP response code: java.net.ConnectException,Non HTTP response message: Connection refused: connect,Thread Group 1-255,text,false,,2131,0,494,494,0,0,1001
1512744060277,1002,HTTP Request,Non HTTP response code: java.net.ConnectException,Non HTTP response message: Connection refused: connect,Thread Group 1-254,text,false,,2131,0,494,494,0,0,1002
1512744060278,1001,HTTP Request,Non HTTP response code: java.net.ConnectException,Non HTTP response message: Connection refused: connect,Thread Group 1-260,text,false,,2131,0,494,494,0,0,1001
1512744060279,1002,HTTP Request,Non HTTP response code: java.net.ConnectException,Non HTTP response message: Connection refused: connect,Thread Group 1-261,text,false,,2131,0,491,491,0,0,1002
1512744060284,1009,HTTP Request,Non HTTP response code: java.net.ConnectException,Non HTTP response message: Connection refused: connect,Thread Group 1-258,text,false,,2131,0,490,490,0,0,1009
1512744060287,1007,HTTP Request,Non HTTP response code: java.net.ConnectException,Non HTTP response message: Connection refused: connect,Thread Group 1-259,text,false,,2131,0,489,489,0,0,1007
1512744060287,1012,HTTP Request,Non HTTP response code: java.net.ConnectException,Non HTTP response message: Connection refused: connect,Thread Group 1-265,text,false,,2131,0,488,488,0,0,1012
1512744060285,1014,HTTP Request,Non HTTP response code: java.net.ConnectException,Non HTTP response message: Connection refused: connect,Thread Group 1-264,text,false,,2131,0,488,488,0,0,1014
1512744060293,1007,HTTP Request,Non HTTP response code: java.net.ConnectException,Non HTTP response message: Connection refused: connect,Thread Group 1-272,text,false,,2131,0,486,486,0,0,1007
1512744060293,1008,HTTP Request,Non HTTP response code: java.net.ConnectException,Non HTTP response message: Connection refused: connect,Thread Group 1-268,text,false,,2131,0,486,486,0,0,1008
1512744060293,1008,HTTP Request,Non HTTP response code: java.net.ConnectException,Non HTTP response message: Connection refused: connect,Thread Group 1-262,text,false,,2131,0,486,486,0,0,1008
1512744060296,1008,HTTP Request,Non HTTP response code: java.net.ConnectException,Non HTTP response message: Connection refused: connect,Thread Group 1-263,text,false,,2131,0,483,483,0,0,1008
1512744060296,1008,HTTP Request,Non HTTP response code: java.net.ConnectException,Non HTTP response message: Connection refused: connect,Thread Group 1-269,text,false,,2131,0,483,483,0,0,1008
1512744060302,1003,HTTP Request,Non HTTP response code: java.net.ConnectException,Non HTTP response message: Connection refused: connect,Thread Group 1-277,text,false,,2131,0,481,481,0,0,1003
1512744060300,1005,HTTP Request,Non HTTP response code: java.net.ConnectException,Non HTTP response message: Connection refused: connect,Thread Group 1-276,text,false,,2131,0,481,481,0,0,1005
1512744060304,1002,HTTP Request,Non HTTP response code: java.net.ConnectException,Non HTTP response message: Connection refused: connect,Thread Group 1-273,text,false,,2131,0,479,479,0,0,1002
1512744060302,1004,HTTP Request,Non HTTP response code: java.net.ConnectException,Non HTTP response message: Connection refused: connect,Thread Group 1-266,text,false,,2131,0,479,479,0,0,1004
1512744060304,1004,HTTP Request,Non HTTP response code: java.net.ConnectException,Non HTTP response message: Connection refused: connect,Thread Group 1-267,text,false,,2131,0,477,477,0,0,1004
1512744060308,1001,HTTP Request,Non HTTP response code: java.net.ConnectException,Non HTTP response message: Connection refused: connect,Thread Group 1-280,text,false,,2131,0,476,476,0,0,1001
1512744060309,1002,HTTP Request,Non HTTP response code: java.net.ConnectException,Non HTTP response message: Connection refused: connect,Thread Group 1-270,text,false,,2131,0,475,475,0,0,1002
1512744060313,1002,HTTP Request,Non HTTP response code: java.net.ConnectException,Non HTTP response message: Connection refused: connect,Thread Group 1-271,text,false,,2131,0,474,474,0,0,1002
1512744060319,1004,HTTP Request,Non HTTP response code: java.net.ConnectException,Non HTTP response message: Connection refused: connect,Thread Group 1-281,text,false,,2131,0,473,473,0,0,1004
1512744060319,1004,HTTP Request,Non HTTP response code: java.net.ConnectException,Non HTTP response message: Connection refused: connect,Thread Group 1-274,text,false,,2131,0,473,473,0,0,1004
1512744060321,1003,HTTP Request,Non HTTP response code: java.net.ConnectException,Non HTTP response message: Connection refused: connect,Thread Group 1-275,text,false,,2131,0,471,471,0,0,1003
1512744060325,1003,HTTP Request,Non HTTP response code: java.net.ConnectException,Non HTTP response message: Connection refused: connect,Thread Group 1-284,text,false,,2131,0,470,470,0,0,1003
1512744060325,1003,HTTP Request,Non HTTP response code: java.net.ConnectException,Non HTTP response message: Connection refused: connect,Thread Group 1-288,text,false,,2131,0,470,470,0,0,1003
1512744060328,1004,HTTP Request,Non HTTP response code: java.net.ConnectException,Non HTTP response message: Connection refused: connect,Thread Group 1-285,text,false,,2131,0,468,468,0,0,1004
1512744060328,1004,HTTP Request,Non HTTP response code: java.net.ConnectException,Non HTTP response message: Connection refused: connect,Thread Group 1-278,text,false,,2131,0,468,468,0,0,1004
1512744060328,1004,HTTP Request,Non HTTP response code: java.net.ConnectException,Non HTTP response message: Connection refused: connect,Thread Group 1-279,text,false,,2131,0,468,468,0,0,1004
1512744060333,1001,HTTP Request,Non HTTP response code: java.net.ConnectException,Non HTTP response message: Connection refused: connect,Thread Group 1-292,text,false,,2131,0,465,465,0,0,1001
1512744060335,1002,HTTP Request,Non HTTP response code: java.net.ConnectException,Non HTTP response message: Connection refused: connect,Thread Group 1-289,text,false,,2131,0,464,464,0,0,1002
1512744060335,1002,HTTP Request,Non HTTP response code: java.net.ConnectException,Non HTTP response message: Connection refused: connect,Thread Group 1-282,text,false,,2131,0,463,463,0,0,1002
1512744060335,1002,HTTP Request,Non HTTP response code: java.net.ConnectException,Non HTTP response message: Connection refused: connect,Thread Group 1-293,text,false,,2131,0,463,463,0,0,1002
1512744060343,1003,HTTP Request,Non HTTP response code: java.net.ConnectException,Non HTTP response message: Connection refused: connect,Thread Group 1-286,text,false,,2131,0,461,461,0,0,1003
1512744060338,1008,HTTP Request,Non HTTP response code: java.net.ConnectException,Non HTTP response message: Connection refused: connect,Thread Group 1-283,text,false,,2131,0,461,461,0,0,1008
1512744060345,1004,HTTP Request,Non HTTP response code: java.net.ConnectException,Non HTTP response message: Connection refused: connect,Thread Group 1-287,text,false,,2131,0,459,459,0,0,1004
1512744060350,1008,HTTP Request,Non HTTP response code: java.net.ConnectException,Non HTTP response message: Connection refused: connect,Thread Group 1-296,text,false,,2131,0,458,458,0,0,1008
1512744060351,1007,HTTP Request,Non HTTP response code: java.net.ConnectException,Non HTTP response message: Connection refused: connect,Thread Group 1-297,text,false,,2131,0,458,458,0,0,1007
1512744060353,1005,HTTP Request,Non HTTP response code: java.net.ConnectException,Non HTTP response message: Connection refused: connect,Thread Group 1-291,text,false,,2131,0,458,458,0,0,1005
1512744060351,1007,HTTP Request,Non HTTP response code: java.net.ConnectException,Non HTTP response message: Connection refused: connect,Thread Group 1-290,text,false,,2131,0,458,458,0,0,1007
1512744060359,1000,HTTP Request,Non HTTP response code: java.net.ConnectException,Non HTTP response message: Connection refused: connect,Thread Group 1-294,text,false,,2131,0,454,454,0,0,1000
1512744060358,1001,HTTP Request,Non HTTP response code: java.net.ConnectException,Non HTTP response message: Connection refused: connect,Thread Group 1-301,text,false,,2131,0,454,454,0,0,1001
1512744060358,1001,HTTP Request,Non HTTP response code: java.net.ConnectException,Non HTTP response message: Connection refused: connect,Thread Group 1-300,text,false,,2131,0,454,454,0,0,1001
1512744060361,1002,HTTP Request,Non HTTP response code: java.net.ConnectException,Non HTTP response message: Connection refused: connect,Thread Group 1-295,text,false,,2131,0,451,451,0,0,1002
1512744060368,1004,HTTP Request,Non HTTP response code: java.net.ConnectException,Non HTTP response message: Connection refused: connect,Thread Group 1-305,text,false,,2131,0,450,450,0,0,1004
1512744060367,1005,HTTP Request,Non HTTP response code: java.net.ConnectException,Non HTTP response message: Connection refused: connect,Thread Group 1-298,text,false,,2131,0,450,450,0,0,1005
1512744060366,1006,HTTP Request,Non HTTP response code: java.net.ConnectException,Non HTTP response message: Connection refused: connect,Thread Group 1-304,text,false,,2131,0,450,450,0,0,1006
1512744060369,1003,HTTP Request,Non HTTP response code: java.net.ConnectException,Non HTTP response message: Connection refused: connect,Thread Group 1-299,text,false,,2131,0,450,450,0,0,1003
1512744060374,1005,HTTP Request,Non HTTP response code: java.net.ConnectException,Non HTTP response message: Connection refused: connect,Thread Group 1-308,text,false,,2131,0,446,446,0,0,1005
1512744060376,1005,HTTP Request,Non HTTP response code: java.net.ConnectException,Non HTTP response message: Connection refused: connect,Thread Group 1-309,text,false,,2131,0,445,445,0,0,1005
1512744060375,1006,HTTP Request,Non HTTP response code: java.net.ConnectException,Non HTTP response message: Connection refused: connect,Thread Group 1-302,text,false,,2131,0,445,445,0,0,1006
1512744060378,1005,HTTP Request,Non HTTP response code: java.net.ConnectException,Non HTTP response message: Connection refused: connect,Thread Group 1-303,text,false,,2131,0,443,443,0,0,1005
1512744060383,1003,HTTP Request,Non HTTP response code: java.net.ConnectException,Non HTTP response message: Connection refused: connect,Thread Group 1-312,text,false,,2131,0,442,442,0,0,1002
1512744060383,1005,HTTP Request,Non HTTP response code: java.net.ConnectException,Non HTTP response message: Connection refused: connect,Thread Group 1-306,text,false,,2131,0,441,441,0,0,1005
1512744060384,1004,HTTP Request,Non HTTP response code: java.net.ConnectException,Non HTTP response message: Connection refused: connect,Thread Group 1-313,text,false,,2131,0,441,441,0,0,1004
1512744060385,1003,HTTP Request,Non HTTP response code: java.net.ConnectException,Non HTTP response message: Connection refused: connect,Thread Group 1-307,text,false,,2131,0,439,439,0,0,1003
1512744060390,1007,HTTP Request,Non HTTP response code: java.net.ConnectException,Non HTTP response message: Connection refused: connect,Thread Group 1-316,text,false,,2131,0,438,438,0,0,1007
1512744060394,1004,HTTP Request,Non HTTP response code: java.net.ConnectException,Non HTTP response message: Connection refused: connect,Thread Group 1-311,text,false,,2131,0,437,437,0,0,1004
1512744060393,1007,HTTP Request,Non HTTP response code: java.net.ConnectException,Non HTTP response message: Connection refused: connect,Thread Group 1-317,text,false,,2131,0,436,436,0,0,1007
1512744060398,1002,HTTP Request,Non HTTP response code: java.net.ConnectException,Non HTTP response message: Connection refused: connect,Thread Group 1-320,text,false,,2131,0,436,436,0,0,1002
1512744060393,1007,HTTP Request,Non HTTP response code: java.net.ConnectException,Non HTTP response message: Connection refused: connect,Thread Group 1-310,text,false,,2131,0,436,436,0,0,1007
1512744060400,1003,HTTP Request,Non HTTP response code: java.net.ConnectException,Non HTTP response message: Connection refused: connect,Thread Group 1-321,text,false,,2131,0,433,433,0,0,1003
1512744060400,1003,HTTP Request,Non HTTP response code: java.net.ConnectException,Non HTTP response message: Connection refused: connect,Thread Group 1-314,text,false,,2131,0,433,433,0,0,1003
1512744060402,1003,HTTP Request,Non HTTP response code: java.net.ConnectException,Non HTTP response message: Connection refused: connect,Thread Group 1-315,text,false,,2131,0,431,431,0,0,1003
1512744060406,1001,HTTP Request,Non HTTP response code: java.net.ConnectException,Non HTTP response message: Connection refused: connect,Thread Group 1-324,text,false,,2131,0,430,430,0,0,1001
1512744060409,1008,HTTP Request,Non HTTP response code: java.net.ConnectException,Non HTTP response message: Connection refused: connect,Thread Group 1-325,text,false,,2131,0,429,429,0,0,1008
1512744060408,1009,HTTP Request,Non HTTP response code: java.net.ConnectException,Non HTTP response message: Connection refused: connect,Thread Group 1-318,text,false,,2131,0,429,429,0,0,1009
1512744060411,1006,HTTP Request,Non HTTP response code: java.net.ConnectException,Non HTTP response message: Connection refused: connect,Thread Group 1-319,text,false,,2131,0,429,429,0,0,1006
1512744060417,1004,HTTP Request,Non HTTP response code: java.net.ConnectException,Non HTTP response message: Connection refused: connect,Thread Group 1-322,text,false,,2131,0,426,426,0,0,1004
1512744060415,1006,HTTP Request,Non HTTP response code: java.net.ConnectException,Non HTTP response message: Connection refused: connect,Thread Group 1-328,text,false,,2131,0,426,426,0,0,1006
1512744060419,1002,HTTP Request,Non HTTP response code: java.net.ConnectException,Non HTTP response message: Connection refused: connect,Thread Group 1-329,text,false,,2131,0,426,426,0,0,1002
1512744060425,1003,HTTP Request,Non HTTP response code: java.net.ConnectException,Non HTTP response message: Connection refused: connect,Thread Group 1-332,text,false,,2131,0,423,423,0,0,1002
1512744060425,1003,HTTP Request,Non HTTP response code: java.net.ConnectException,Non HTTP response message: Connection refused: connect,Thread Group 1-323,text,false,,2131,0,423,423,0,0,1002
1512744060433,1006,HTTP Request,Non HTTP response code: java.net.ConnectException,Non HTTP response message: Connection refused: connect,Thread Group 1-326,text,false,,2131,0,421,421,0,0,1005
1512744060433,1006,HTTP Request,Non HTTP response code: java.net.ConnectException,Non HTTP response message: Connection refused: connect,Thread Group 1-333,text,false,,2131,0,421,421,0,0,1005
1512744060440,1005,HTTP Request,Non HTTP response code: java.net.ConnectException,Non HTTP response message: Connection refused: connect,Thread Group 1-327,text,false,,2131,0,419,419,0,0,1005
1512744060443,1003,HTTP Request,Non HTTP response code: java.net.ConnectException,Non HTTP response message: Connection refused: connect,Thread Group 1-337,text,false,,2131,0,418,418,0,0,1003
1512744060445,1003,HTTP Request,Non HTTP response code: java.net.ConnectException,Non HTTP response message: Connection refused: connect,Thread Group 1-330,text,false,,2131,0,417,417,0,0,1003
1512744060441,1007,HTTP Request,Non HTTP response code: java.net.ConnectException,Non HTTP response message: Connection refused: connect,Thread Group 1-336,text,false,,2131,0,417,417,0,0,1007
1512744060449,1002,HTTP Request,Non HTTP response code: java.net.ConnectException,Non HTTP response message: Connection refused: connect,Thread Group 1-340,text,false,,2131,0,415,415,0,0,1002
1512744060448,1003,HTTP Request,Non HTTP response code: java.net.ConnectException,Non HTTP response message: Connection refused: connect,Thread Group 1-331,text,false,,2131,0,415,415,0,0,1003
1512744060451,1002,HTTP Request,Non HTTP response code: java.net.ConnectException,Non HTTP response message: Connection refused: connect,Thread Group 1-341,text,false,,2131,0,413,413,0,0,1002
1512744060453,1003,HTTP Request,Non HTTP response code: java.net.ConnectException,Non HTTP response message: Connection refused: connect,Thread Group 1-349,text,false,,2131,0,412,412,0,0,1003
1512744060455,1002,HTTP Request,Non HTTP response code: java.net.ConnectException,Non HTTP response message: Connection refused: connect,Thread Group 1-334,text,false,,2131,0,411,411,0,0,1002
1512744060459,1002,HTTP Request,Non HTTP response code: java.net.ConnectException,Non HTTP response message: Connection refused: connect,Thread Group 1-345,text,false,,2131,0,410,410,0,0,1002
1512744060458,1003,HTTP Request,Non HTTP response code: java.net.ConnectException,Non HTTP response message: Connection refused: connect,Thread Group 1-335,text,false,,2131,0,410,410,0,0,1003
1512744060458,1003,HTTP Request,Non HTTP response code: java.net.ConnectException,Non HTTP response message: Connection refused: connect,Thread Group 1-344,text,false,,2131,0,410,410,0,0,1003
1512744060465,1005,HTTP Request,Non HTTP response code: java.net.ConnectException,Non HTTP response message: Connection refused: connect,Thread Group 1-339,text,false,,2131,0,407,407,0,0,1005
1512744060463,1007,HTTP Request,Non HTTP response code: java.net.ConnectException,Non HTTP response message: Connection refused: connect,Thread Group 1-338,text,false,,2131,0,407,407,0,0,1007
1512744060465,1005,HTTP Request,Non HTTP response code: java.net.ConnectException,Non HTTP response message: Connection refused: connect,Thread Group 1-348,text,false,,2131,0,407,407,0,0,1005
1512744060474,1003,HTTP Request,Non HTTP response code: java.net.ConnectException,Non HTTP response message: Connection refused: connect,Thread Group 1-353,text,false,,2131,0,404,404,0,0,1003
1512744060476,1001,HTTP Request,Non HTTP response code: java.net.ConnectException,Non HTTP response message: Connection refused: connect,Thread Group 1-360,text,false,,2131,0,404,404,0,0,1001
1512744060471,1006,HTTP Request,Non HTTP response code: java.net.ConnectException,Non HTTP response message: Connection refused: connect,Thread Group 1-342,text,false,,2131,0,404,404,0,0,1006
1512744060474,1005,HTTP Request,Non HTTP response code: java.net.ConnectException,Non HTTP response message: Connection refused: connect,Thread Group 1-352,text,false,,2131,0,401,401,0,0,1005
1512744060474,1005,HTTP Request,Non HTTP response code: java.net.ConnectException,Non HTTP response message: Connection refused: connect,Thread Group 1-343,text,false,,2131,0,401,401,0,0,1005
1512744060477,1003,HTTP Request,Non HTTP response code: java.net.ConnectException,Non HTTP response message: Connection refused: connect,Thread Group 1-361,text,false,,2131,0,399,399,0,0,1003
1512744060480,1002,HTTP Request,Non HTTP response code: java.net.ConnectException,Non HTTP response message: Connection refused: connect,Thread Group 1-346,text,false,,2131,0,398,398,0,0,1002
1512744060481,1002,HTTP Request,Non HTTP response code: java.net.ConnectException,Non HTTP response message: Connection refused: connect,Thread Group 1-356,text,false,,2131,0,397,397,0,0,1002
1512744060482,1001,HTTP Request,Non HTTP response code: java.net.ConnectException,Non HTTP response message: Connection refused: connect,Thread Group 1-347,text,false,,2131,0,397,397,0,0,1001
1512744060483,1005,HTTP Request,Non HTTP response code: java.net.ConnectException,Non HTTP response message: Connection refused: connect,Thread Group 1-357,text,false,,2131,0,395,395,0,0,1005
1512744060484,1004,HTTP Request,Non HTTP response code: java.net.ConnectException,Non HTTP response message: Connection refused: connect,Thread Group 1-364,text,false,,2131,0,395,395,0,0,1004
1512744060489,1003,HTTP Request,Non HTTP response code: java.net.ConnectException,Non HTTP response message: Connection refused: connect,Thread Group 1-350,text,false,,2131,0,393,393,0,0,1003
1512744060487,1005,HTTP Request,Non HTTP response code: java.net.ConnectException,Non HTTP response message: Connection refused: connect,Thread Group 1-365,text,false,,2131,0,393,393,0,0,1005
1512744060490,1005,HTTP Request,Non HTTP response code: java.net.ConnectException,Non HTTP response message: Connection refused: connect,Thread Group 1-351,text,false,,2131,0,391,391,0,0,1005
1512744060492,1005,HTTP Request,Non HTTP response code: java.net.ConnectException,Non HTTP response message: Connection refused: connect,Thread Group 1-368,text,false,,2131,0,390,390,0,0,1005
1512744060496,1004,HTTP Request,Non HTTP response code: java.net.ConnectException,Non HTTP response message: Connection refused: connect,Thread Group 1-354,text,false,,2131,0,389,389,0,0,1004
1512744060498,1003,HTTP Request,Non HTTP response code: java.net.ConnectException,Non HTTP response message: Connection refused: connect,Thread Group 1-355,text,false,,2131,0,388,388,0,0,1003
1512744060501,1002,HTTP Request,Non HTTP response code: java.net.ConnectException,Non HTTP response message: Connection refused: connect,Thread Group 1-372,text,false,,2131,0,387,387,0,0,1002
1512744060508,1000,HTTP Request,Non HTTP response code: java.net.ConnectException,Non HTTP response message: Connection refused: connect,Thread Group 1-359,text,false,,2131,0,386,386,0,0,1000
1512744060505,1003,HTTP Request,Non HTTP response code: java.net.ConnectException,Non HTTP response message: Connection refused: connect,Thread Group 1-358,text,false,,2131,0,386,386,0,0,1003
1512744060508,1001,HTTP Request,Non HTTP response code: java.net.ConnectException,Non HTTP response message: Connection refused: connect,Thread Group 1-369,text,false,,2131,0,384,384,0,0,1001
1512744060509,1002,HTTP Request,Non HTTP response code: java.net.ConnectException,Non HTTP response message: Connection refused: connect,Thread Group 1-376,text,false,,2131,0,383,383,0,0,1002
1512744060514,1001,HTTP Request,Non HTTP response code: java.net.ConnectException,Non HTTP response message: Connection refused: connect,Thread Group 1-362,text,false,,2131,0,382,382,0,0,1001
1512744060515,1004,HTTP Request,Non HTTP response code: java.net.ConnectException,Non HTTP response message: Connection refused: connect,Thread Group 1-363,text,false,,2131,0,381,381,0,0,1004
1512744060516,1003,HTTP Request,Non HTTP response code: java.net.ConnectException,Non HTTP response message: Connection refused: connect,Thread Group 1-373,text,false,,2131,0,381,381,0,0,1003
1512744060517,1004,HTTP Request,Non HTTP response code: java.net.ConnectException,Non HTTP response message: Connection refused: connect,Thread Group 1-380,text,false,,2131,0,379,379,0,0,1003
1512744060520,1003,HTTP Request,Non HTTP response code: java.net.ConnectException,Non HTTP response message: Connection refused: connect,Thread Group 1-381,text,false,,2131,0,378,378,0,0,1003
1512744060522,1001,HTTP Request,Non HTTP response code: java.net.ConnectException,Non HTTP response message: Connection refused: connect,Thread Group 1-366,text,false,,2131,0,378,378,0,0,1001
1512744060523,1000,HTTP Request,Non HTTP response code: java.net.ConnectException,Non HTTP response message: Connection refused: connect,Thread Group 1-367,text,false,,2131,0,376,376,0,0,1000
1512744060522,1004,HTTP Request,Non HTTP response code: java.net.ConnectException,Non HTTP response message: Connection refused: connect,Thread Group 1-377,text,false,,2131,0,375,375,0,0,1004
1512744060525,1002,HTTP Request,Non HTTP response code: java.net.ConnectException,Non HTTP response message: Connection refused: connect,Thread Group 1-384,text,false,,2131,0,374,374,0,0,1002
1512744060532,1010,HTTP Request,Non HTTP response code: java.net.ConnectException,Non HTTP response message: Connection refused: connect,Thread Group 1-385,text,false,,2131,0,373,373,0,0,1010
1512744060534,1008,HTTP Request,Non HTTP response code: java.net.ConnectException,Non HTTP response message: Connection refused: connect,Thread Group 1-388,text,false,,2131,0,373,373,0,0,1008
1512744060532,1010,HTTP Request,Non HTTP response code: java.net.ConnectException,Non HTTP response message: Connection refused: connect,Thread Group 1-371,text,false,,2131,0,373,373,0,0,1010
1512744060532,1010,HTTP Request,Non HTTP response code: java.net.ConnectException,Non HTTP response message: Connection refused: connect,Thread Group 1-370,text,false,,2131,0,373,373,0,0,1010
1512744060536,1006,HTTP Request,Non HTTP response code: java.net.ConnectException,Non HTTP response message: Connection refused: connect,Thread Group 1-389,text,false,,2131,0,369,369,0,0,1006
1512744060543,1001,HTTP Request,Non HTTP response code: java.net.ConnectException,Non HTTP response message: Connection refused: connect,Thread Group 1-392,text,false,,2131,0,368,368,0,0,1001
1512744060544,1003,HTTP Request,Non HTTP response code: java.net.ConnectException,Non HTTP response message: Connection refused: connect,Thread Group 1-393,text,false,,2131,0,367,367,0,0,1003
1512744060560,1002,HTTP Request,Non HTTP response code: java.net.ConnectException,Non HTTP response message: Connection refused: connect,Thread Group 1-400,text,false,,2131,0,366,366,0,0,1002
1512744060562,1001,HTTP Request,Non HTTP response code: java.net.ConnectException,Non HTTP response message: Connection refused: connect,Thread Group 1-396,text,false,,2131,0,365,365,0,0,1001
1512744060560,1003,HTTP Request,Non HTTP response code: java.net.ConnectException,Non HTTP response message: Connection refused: connect,Thread Group 1-374,text,false,,2131,0,364,364,0,0,1003
1512744060562,1008,HTTP Request,Non HTTP response code: java.net.ConnectException,Non HTTP response message: Connection refused: connect,Thread Group 1-375,text,false,,2131,0,363,363,0,0,1008
1512744060564,1011,HTTP Request,Non HTTP response code: java.net.ConnectException,Non HTTP response message: Connection refused: connect,Thread Group 1-397,text,false,,2131,0,362,362,0,0,1011
1512744060568,1007,HTTP Request,Non HTTP response code: java.net.ConnectException,Non HTTP response message: Connection refused: connect,Thread Group 1-378,text,false,,2131,0,361,361,0,0,1007
1512744060570,1005,HTTP Request,Non HTTP response code: java.net.ConnectException,Non HTTP response message: Connection refused: connect,Thread Group 1-379,text,false,,2131,0,361,361,0,0,1005
1512744060570,1005,HTTP Request,Non HTTP response code: java.net.ConnectException,Non HTTP response message: Connection refused: connect,Thread Group 1-405,text,false,,2131,0,361,361,0,0,1005
1512744060571,1004,HTTP Request,Non HTTP response code: java.net.ConnectException,Non HTTP response message: Connection refused: connect,Thread Group 1-401,text,false,,2131,0,361,361,0,0,1004
1512744060576,1002,HTTP Request,Non HTTP response code: java.net.ConnectException,Non HTTP response message: Connection refused: connect,Thread Group 1-382,text,false,,2131,0,357,357,0,0,1002
1512744060577,1003,HTTP Request,Non HTTP response code: java.net.ConnectException,Non HTTP response message: Connection refused: connect,Thread Group 1-404,text,false,,2131,0,356,356,0,0,1003
1512744060578,1004,HTTP Request,Non HTTP response code: java.net.ConnectException,Non HTTP response message: Connection refused: connect,Thread Group 1-383,text,false,,2131,0,355,355,0,0,1004
1512744060578,1004,HTTP Request,Non HTTP response code: java.net.ConnectException,Non HTTP response message: Connection refused: connect,Thread Group 1-409,text,false,,2131,0,355,355,0,0,1004
1512744060584,1008,HTTP Request,Non HTTP response code: java.net.ConnectException,Non HTTP response message: Connection refused: connect,Thread Group 1-386,text,false,,2131,0,353,353,0,0,1008
1512744060587,1005,HTTP Request,Non HTTP response code: java.net.ConnectException,Non HTTP response message: Connection refused: connect,Thread Group 1-387,text,false,,2131,0,353,353,0,0,1005
1512744060586,1006,HTTP Request,Non HTTP response code: java.net.ConnectException,Non HTTP response message: Connection refused: connect,Thread Group 1-408,text,false,,2131,0,353,353,0,0,1006
1512744060593,1002,HTTP Request,Non HTTP response code: java.net.ConnectException,Non HTTP response message: Connection refused: connect,Thread Group 1-390,text,false,,2131,0,350,350,0,0,1002
1512744060595,1001,HTTP Request,Non HTTP response code: java.net.ConnectException,Non HTTP response message: Connection refused: connect,Thread Group 1-391,text,false,,2131,0,349,349,0,0,1001
1512744060594,1002,HTTP Request,Non HTTP response code: java.net.ConnectException,Non HTTP response message: Connection refused: connect,Thread Group 1-412,text,false,,2131,0,349,349,0,0,1002
1512744060597,1005,HTTP Request,Non HTTP response code: java.net.ConnectException,Non HTTP response message: Connection refused: connect,Thread Group 1-413,text,false,,2131,0,347,347,0,0,1004
1512744060602,1002,HTTP Request,Non HTTP response code: java.net.ConnectException,Non HTTP response message: Connection refused: connect,Thread Group 1-416,text,false,,2131,0,346,346,0,0,1002
1512744060601,1003,HTTP Request,Non HTTP response code: java.net.ConnectException,Non HTTP response message: Connection refused: connect,Thread Group 1-394,text,false,,2131,0,345,345,0,0,1003
1512744060603,1001,HTTP Request,Non HTTP response code: java.net.ConnectException,Non HTTP response message: Connection refused: connect,Thread Group 1-395,text,false,,2131,0,345,345,0,0,1001
1512744060606,1007,HTTP Request,Non HTTP response code: java.net.ConnectException,Non HTTP response message: Connection refused: connect,Thread Group 1-417,text,false,,2131,0,343,343,0,0,1007
1512744060611,1002,HTTP Request,Non HTTP response code: java.net.ConnectException,Non HTTP response message: Connection refused: connect,Thread Group 1-420,text,false,,2131,0,343,343,0,0,1002
1512744060611,1002,HTTP Request,Non HTTP response code: java.net.ConnectException,Non HTTP response message: Connection refused: connect,Thread Group 1-399,text,false,,2131,0,343,343,0,0,1002
1512744060610,1003,HTTP Request,Non HTTP response code: java.net.ConnectException,Non HTTP response message: Connection refused: connect,Thread Group 1-398,text,false,,2131,0,343,343,0,0,1003
1512744060614,1002,HTTP Request,Non HTTP response code: java.net.ConnectException,Non HTTP response message: Connection refused: connect,Thread Group 1-421,text,false,,2131,0,339,339,0,0,1002
1512744060618,1004,HTTP Request,Non HTTP response code: java.net.ConnectException,Non HTTP response message: Connection refused: connect,Thread Group 1-402,text,false,,2131,0,338,338,0,0,1004
1512744060619,1003,HTTP Request,Non HTTP response code: java.net.ConnectException,Non HTTP response message: Connection refused: connect,Thread Group 1-424,text,false,,2131,0,338,338,0,0,1003
1512744060619,1003,HTTP Request,Non HTTP response code: java.net.ConnectException,Non HTTP response message: Connection refused: connect,Thread Group 1-403,text,false,,2131,0,338,338,0,0,1003
1512744060628,1002,HTTP Request,Non HTTP response code: java.net.ConnectException,Non HTTP response message: Connection refused: connect,Thread Group 1-428,text,false,,2131,0,335,335,0,0,1002
1512744060628,1002,HTTP Request,Non HTTP response code: java.net.ConnectException,Non HTTP response message: Connection refused: connect,Thread Group 1-407,text,false,,2131,0,335,335,0,0,1002
1512744060625,1005,HTTP Request,Non HTTP response code: java.net.ConnectException,Non HTTP response message: Connection refused: connect,Thread Group 1-406,text,false,,2131,0,333,333,0,0,1005
1512744060629,1001,HTTP Request,Non HTTP response code: java.net.ConnectException,Non HTTP response message: Connection refused: connect,Thread Group 1-429,text,false,,2131,0,333,333,0,0,1001
1512744060621,1009,HTTP Request,Non HTTP response code: java.net.ConnectException,Non HTTP response message: Connection refused: connect,Thread Group 1-425,text,false,,2131,0,333,333,0,0,1009
1512744060634,1002,HTTP Request,Non HTTP response code: java.net.ConnectException,Non HTTP response message: Connection refused: connect,Thread Group 1-410,text,false,,2131,0,330,330,0,0,1002
1512744060635,1001,HTTP Request,Non HTTP response code: java.net.ConnectException,Non HTTP response message: Connection refused: connect,Thread Group 1-432,text,false,,2131,0,330,330,0,0,1001
1512744060636,1003,HTTP Request,Non HTTP response code: java.net.ConnectException,Non HTTP response message: Connection refused: connect,Thread Group 1-411,text,false,,2131,0,328,328,0,0,1003
1512744060638,1002,HTTP Request,Non HTTP response code: java.net.ConnectException,Non HTTP response message: Connection refused: connect,Thread Group 1-433,text,false,,2131,0,327,327,0,0,1002
1512744060650,1001,HTTP Request,Non HTTP response code: java.net.ConnectException,Non HTTP response message: Connection refused: connect,Thread Group 1-418,text,false,,2131,0,326,326,0,0,1001
1512744060643,1008,HTTP Request,Non HTTP response code: java.net.ConnectException,Non HTTP response message: Connection refused: connect,Thread Group 1-438,text,false,,2131,0,326,326,0,0,1008
1512744060644,1007,HTTP Request,Non HTTP response code: java.net.ConnectException,Non HTTP response message: Connection refused: connect,Thread Group 1-436,text,false,,2131,0,326,326,0,0,1007
1512744060644,1009,HTTP Request,Non HTTP response code: java.net.ConnectException,Non HTTP response message: Connection refused: connect,Thread Group 1-415,text,false,,2131,0,323,323,0,0,1009
1512744060645,1008,HTTP Request,Non HTTP response code: java.net.ConnectException,Non HTTP response message: Connection refused: connect,Thread Group 1-414,text,false,,2131,0,322,322,0,0,1008
1512744060646,1007,HTTP Request,Non HTTP response code: java.net.ConnectException,Non HTTP response message: Connection refused: connect,Thread Group 1-437,text,false,,2131,0,322,322,0,0,1007
1512744060652,1003,HTTP Request,Non HTTP response code: java.net.ConnectException,Non HTTP response message: Connection refused: connect,Thread Group 1-419,text,false,,2131,0,320,320,0,0,1003
1512744060654,1001,HTTP Request,Non HTTP response code: java.net.ConnectException,Non HTTP response message: Connection refused: connect,Thread Group 1-443,text,false,,2131,0,319,319,0,0,1001
1512744060654,1001,HTTP Request,Non HTTP response code: java.net.ConnectException,Non HTTP response message: Connection refused: connect,Thread Group 1-441,text,false,,2131,0,319,319,0,0,1001
1512744060658,1002,HTTP Request,Non HTTP response code: java.net.ConnectException,Non HTTP response message: Connection refused: connect,Thread Group 1-422,text,false,,2131,0,317,317,0,0,1002
1512744060661,1001,HTTP Request,Non HTTP response code: java.net.ConnectException,Non HTTP response message: Connection refused: connect,Thread Group 1-423,text,false,,2131,0,316,316,0,0,1001
1512744060661,1001,HTTP Request,Non HTTP response code: java.net.ConnectException,Non HTTP response message: Connection refused: connect,Thread Group 1-444,text,false,,2131,0,316,316,0,0,1001
1512744060652,1010,HTTP Request,Non HTTP response code: java.net.ConnectException,Non HTTP response message: Connection refused: connect,Thread Group 1-442,text,false,,2131,0,316,316,0,0,1010
1512744060652,1010,HTTP Request,Non HTTP response code: java.net.ConnectException,Non HTTP response message: Connection refused: connect,Thread Group 1-440,text,false,,2131,0,316,316,0,0,1010
1512744060663,1000,HTTP Request,Non HTTP response code: java.net.ConnectException,Non HTTP response message: Connection refused: connect,Thread Group 1-445,text,false,,2131,0,312,312,0,0,1000
1512744060667,1001,HTTP Request,Non HTTP response code: java.net.ConnectException,Non HTTP response message: Connection refused: connect,Thread Group 1-426,text,false,,2131,0,311,311,0,0,1001
1512744060668,1001,HTTP Request,Non HTTP response code: java.net.ConnectException,Non HTTP response message: Connection refused: connect,Thread Group 1-448,text,false,,2131,0,310,310,0,0,1001
1512744060668,1001,HTTP Request,Non HTTP response code: java.net.ConnectException,Non HTTP response message: Connection refused: connect,Thread Group 1-427,text,false,,2131,0,310,310,0,0,1001
1512744060670,1003,HTTP Request,Non HTTP response code: java.net.ConnectException,Non HTTP response message: Connection refused: connect,Thread Group 1-449,text,false,,2131,0,308,308,0,0,1003
1512744060677,1003,HTTP Request,Non HTTP response code: java.net.ConnectException,Non HTTP response message: Connection refused: connect,Thread Group 1-452,text,false,,2131,0,307,307,0,0,1003
1512744060674,1006,HTTP Request,Non HTTP response code: java.net.ConnectException,Non HTTP response message: Connection refused: connect,Thread Group 1-430,text,false,,2131,0,307,307,0,0,1006
1512744060681,1001,HTTP Request,Non HTTP response code: java.net.ConnectException,Non HTTP response message: Connection refused: connect,Thread Group 1-453,text,false,,2131,0,305,305,0,0,1001
1512744060677,1005,HTTP Request,Non HTTP response code: java.net.ConnectException,Non HTTP response message: Connection refused: connect,Thread Group 1-431,text,false,,2131,0,305,305,0,0,1005
1512744060682,1001,HTTP Request,Non HTTP response code: java.net.ConnectException,Non HTTP response message: Connection refused: connect,Thread Group 1-434,text,false,,2131,0,303,303,0,0,1001
1512744060684,1001,HTTP Request,Non HTTP response code: java.net.ConnectException,Non HTTP response message: Connection refused: connect,Thread Group 1-456,text,false,,2131,0,302,302,0,0,1001
1512744060684,1005,HTTP Request,Non HTTP response code: java.net.ConnectException,Non HTTP response message: Connection refused: connect,Thread Group 1-435,text,false,,2131,0,301,301,0,0,1004
1512744060686,1005,HTTP Request,Non HTTP response code: java.net.ConnectException,Non HTTP response message: Connection refused: connect,Thread Group 1-457,text,false,,2131,0,300,300,0,0,1005
1512744060693,1004,HTTP Request,Non HTTP response code: java.net.ConnectException,Non HTTP response message: Connection refused: connect,Thread Group 1-439,text,false,,2131,0,299,299,0,0,1004
1512744060692,1005,HTTP Request,Non HTTP response code: java.net.ConnectException,Non HTTP response message: Connection refused: connect,Thread Group 1-460,text,false,,2131,0,299,299,0,0,1005
1512744060694,1003,HTTP Request,Non HTTP response code: java.net.ConnectException,Non HTTP response message: Connection refused: connect,Thread Group 1-461,text,false,,2131,0,299,299,0,0,1003
1512744060701,1006,HTTP Request,Non HTTP response code: java.net.ConnectException,Non HTTP response message: Connection refused: connect,Thread Group 1-464,text,false,,2131,0,296,296,0,0,1005
1512744060704,1003,HTTP Request,Non HTTP response code: java.net.ConnectException,Non HTTP response message: Connection refused: connect,Thread Group 1-465,text,false,,2131,0,295,295,0,0,1003
1512744060708,1001,HTTP Request,Non HTTP response code: java.net.ConnectException,Non HTTP response message: Connection refused: connect,Thread Group 1-446,text,false,,2131,0,294,294,0,0,1001
1512744060709,1001,HTTP Request,Non HTTP response code: java.net.ConnectException,Non HTTP response message: Connection refused: connect,Thread Group 1-468,text,false,,2131,0,293,293,0,0,1001
1512744060710,1004,HTTP Request,Non HTTP response code: java.net.ConnectException,Non HTTP response message: Connection refused: connect,Thread Group 1-447,text,false,,2131,0,292,292,0,0,1004
1512744060711,1004,HTTP Request,Non HTTP response code: java.net.ConnectException,Non HTTP response message: Connection refused: connect,Thread Group 1-469,text,false,,2131,0,291,291,0,0,1004
1512744060717,1003,HTTP Request,Non HTTP response code: java.net.ConnectException,Non HTTP response message: Connection refused: connect,Thread Group 1-472,text,false,,2131,0,290,290,0,0,1003
1512744060717,1004,HTTP Request,Non HTTP response code: java.net.ConnectException,Non HTTP response message: Connection refused: connect,Thread Group 1-450,text,false,,2131,0,289,289,0,0,1004
1512744060721,1003,HTTP Request,Non HTTP response code: java.net.ConnectException,Non HTTP response message: Connection refused: connect,Thread Group 1-473,text,false,,2131,0,288,288,0,0,1003
1512744060726,1001,HTTP Request,Non HTTP response code: java.net.ConnectException,Non HTTP response message: Connection refused: connect,Thread Group 1-476,text,false,,2131,0,287,287,0,0,1001
1512744060721,1008,HTTP Request,Non HTTP response code: java.net.ConnectException,Non HTTP response message: Connection refused: connect,Thread Group 1-451,text,false,,2131,0,286,286,0,0,1008
1512744060729,1000,HTTP Request,Non HTTP response code: java.net.ConnectException,Non HTTP response message: Connection refused: connect,Thread Group 1-455,text,false,,2131,0,286,286,0,0,1000
1512744060726,1003,HTTP Request,Non HTTP response code: java.net.ConnectException,Non HTTP response message: Connection refused: connect,Thread Group 1-454,text,false,,2131,0,284,284,0,0,1003
1512744060727,1002,HTTP Request,Non HTTP response code: java.net.ConnectException,Non HTTP response message: Connection refused: connect,Thread Group 1-477,text,false,,2131,0,284,284,0,0,1002
1512744060734,1006,HTTP Request,Non HTTP response code: java.net.ConnectException,Non HTTP response message: Connection refused: connect,Thread Group 1-458,text,false,,2131,0,282,282,0,0,1006
1512744060736,1004,HTTP Request,Non HTTP response code: java.net.ConnectException,Non HTTP response message: Connection refused: connect,Thread Group 1-459,text,false,,2131,0,282,282,0,0,1004
1512744060734,1006,HTTP Request,Non HTTP response code: java.net.ConnectException,Non HTTP response message: Connection refused: connect,Thread Group 1-480,text,false,,2131,0,282,282,0,0,1006
1512744060740,1001,HTTP Request,Non HTTP response code: java.net.ConnectException,Non HTTP response message: Connection refused: connect,Thread Group 1-485,text,false,,2131,0,279,279,0,0,1001
1512744060736,1005,HTTP Request,Non HTTP response code: java.net.ConnectException,Non HTTP response message: Connection refused: connect,Thread Group 1-481,text,false,,2131,0,279,279,0,0,1005
1512744060742,1002,HTTP Request,Non HTTP response code: java.net.ConnectException,Non HTTP response message: Connection refused: connect,Thread Group 1-462,text,false,,2131,0,277,277,0,0,1002
1512744060742,1002,HTTP Request,Non HTTP response code: java.net.ConnectException,Non HTTP response message: Connection refused: connect,Thread Group 1-484,text,false,,2131,0,277,277,0,0,1002
1512744060744,1005,HTTP Request,Non HTTP response code: java.net.ConnectException,Non HTTP response message: Connection refused: connect,Thread Group 1-463,text,false,,2131,0,275,275,0,0,1005
1512744060745,1007,HTTP Request,Non HTTP response code: java.net.ConnectException,Non HTTP response message: Connection refused: connect,Thread Group 1-488,text,false,,2131,0,274,274,0,0,1006
1512744060747,1005,HTTP Request,Non HTTP response code: java.net.ConnectException,Non HTTP response message: Connection refused: connect,Thread Group 1-489,text,false,,2131,0,274,274,0,0,1004
1512744060752,1002,HTTP Request,Non HTTP response code: java.net.ConnectException,Non HTTP response message: Connection refused: connect,Thread Group 1-466,text,false,,2131,0,272,272,0,0,1002
1512744060752,1002,HTTP Request,Non HTTP response code: java.net.ConnectException,Non HTTP response message: Connection refused: connect,Thread Group 1-467,text,false,,2131,0,272,272,0,0,1002
1512744060756,1006,HTTP Request,Non HTTP response code: java.net.ConnectException,Non HTTP response message: Connection refused: connect,Thread Group 1-493,text,false,,2131,0,270,270,0,0,1006
1512744060758,1004,HTTP Request,Non HTTP response code: java.net.ConnectException,Non HTTP response message: Connection refused: connect,Thread Group 1-492,text,false,,2131,0,269,269,0,0,1004
1512744060758,1004,HTTP Request,Non HTTP response code: java.net.ConnectException,Non HTTP response message: Connection refused: connect,Thread Group 1-470,text,false,,2131,0,269,269,0,0,1004
1512744060761,1002,HTTP Request,Non HTTP response code: java.net.ConnectException,Non HTTP response message: Connection refused: connect,Thread Group 1-471,text,false,,2131,0,267,267,0,0,1002
1512744060767,1002,HTTP Request,Non HTTP response code: java.net.ConnectException,Non HTTP response message: Connection refused: connect,Thread Group 1-496,text,false,,2131,0,266,266,0,0,1001
1512744060769,1001,HTTP Request,Non HTTP response code: java.net.ConnectException,Non HTTP response message: Connection refused: connect,Thread Group 1-475,text,false,,2131,0,265,265,0,0,1001
1512744060769,1001,HTTP Request,Non HTTP response code: java.net.ConnectException,Non HTTP response message: Connection refused: connect,Thread Group 1-497,text,false,,2131,0,265,265,0,0,1001
1512744060767,1004,HTTP Request,Non HTTP response code: java.net.ConnectException,Non HTTP response message: Connection refused: connect,Thread Group 1-474,text,false,,2131,0,263,263,0,0,1004
1512744060771,1000,HTTP Request,Non HTTP response code: java.net.ConnectException,Non HTTP response message: Connection refused: connect,Thread Group 1-500,text,false,,2131,0,262,262,0,0,1000
1512744060775,1003,HTTP Request,Non HTTP response code: java.net.ConnectException,Non HTTP response message: Connection refused: connect,Thread Group 1-478,text,false,,2131,0,261,261,0,0,1002
1512744060777,1001,HTTP Request,Non HTTP response code: java.net.ConnectException,Non HTTP response message: Connection refused: connect,Thread Group 1-479,text,false,,2131,0,260,260,0,0,1001
1512744060783,1002,HTTP Request,Non HTTP response code: java.net.ConnectException,Non HTTP response message: Connection refused: connect,Thread Group 1-482,text,false,,2131,0,259,259,0,0,1002
1512744060785,1008,HTTP Request,Non HTTP response code: java.net.ConnectException,Non HTTP response message: Connection refused: connect,Thread Group 1-483,text,false,,2131,0,258,258,0,0,1008
1512744060791,1008,HTTP Request,Non HTTP response code: java.net.ConnectException,Non HTTP response message: Connection refused: connect,Thread Group 1-486,text,false,,2131,0,257,257,0,0,1008
1512744060793,1008,HTTP Request,Non HTTP response code: java.net.ConnectException,Non HTTP response message: Connection refused: connect,Thread Group 1-487,text,false,,2131,0,256,256,0,0,1008
1512744060802,1002,HTTP Request,Non HTTP response code: java.net.ConnectException,Non HTTP response message: Connection refused: connect,Thread Group 1-491,text,false,,2131,0,255,255,0,0,1002
1512744060800,1004,HTTP Request,Non HTTP response code: java.net.ConnectException,Non HTTP response message: Connection refused: connect,Thread Group 1-490,text,false,,2131,0,255,255,0,0,1004
1512744060807,1002,HTTP Request,Non HTTP response code: java.net.ConnectException,Non HTTP response message: Connection refused: connect,Thread Group 1-494,text,false,,2131,0,253,253,0,0,1002
1512744060810,1000,HTTP Request,Non HTTP response code: java.net.ConnectException,Non HTTP response message: Connection refused: connect,Thread Group 1-495,text,false,,2131,0,252,252,0,0,1000
1512744060815,1005,HTTP Request,Non HTTP response code: java.net.ConnectException,Non HTTP response message: Connection refused: connect,Thread Group 1-498,text,false,,2131,0,251,251,0,0,1005
1512744060818,1002,HTTP Request,Non HTTP response code: java.net.ConnectException,Non HTTP response message: Connection refused: connect,Thread Group 1-499,text,false,,2131,0,251,251,0,0,1002
1512744059755,8955,HTTP Request,200,OK,Thread Group 1-17,text,true,,6155,118,249,249,8955,0,1
1512744059760,9042,HTTP Request,200,OK,Thread Group 1-19,text,true,,6155,118,248,248,9042,0,1
1512744059754,10038,HTTP Request,200,OK,Thread Group 1-15,text,true,,6155,118,247,247,10038,0,2
1512744059753,10769,HTTP Request,200,OK,Thread Group 1-16,text,true,,6155,118,246,246,10769,0,3
1512744059725,11671,HTTP Request,200,OK,Thread Group 1-3,text,true,,6155,118,245,245,11671,0,1
1512744059721,11676,HTTP Request,200,OK,Thread Group 1-1,text,true,,6155,118,245,245,11675,0,1
1512744059744,11746,HTTP Request,200,OK,Thread Group 1-12,text,true,,6155,118,243,243,11746,0,1
1512744059765,11866,HTTP Request,200,OK,Thread Group 1-21,text,true,,6155,118,242,242,11866,0,1
1512744059762,11869,HTTP Request,200,OK,Thread Group 1-20,text,true,,6155,118,242,242,11869,0,1
1512744059788,11846,HTTP Request,200,OK,Thread Group 1-32,text,true,,6155,118,240,240,11846,0,0
1512744059785,11862,HTTP Request,200,OK,Thread Group 1-31,text,true,,6155,118,239,239,11862,0,2
1512744059768,11880,HTTP Request,200,OK,Thread Group 1-23,text,true,,6155,118,238,238,11880,0,1
1512744059740,11937,HTTP Request,200,OK,Thread Group 1-10,text,true,,6155,118,237,237,11937,0,1
1512744059738,11940,HTTP Request,200,OK,Thread Group 1-9,text,true,,6155,118,237,237,11940,0,1
1512744059727,12190,HTTP Request,200,OK,Thread Group 1-4,text,true,,6155,118,235,235,12190,0,1
1512744059794,12451,HTTP Request,200,OK,Thread Group 1-35,text,true,,6155,118,234,234,12451,0,1
1512744059775,12470,HTTP Request,200,OK,Thread Group 1-26,text,true,,6155,118,233,233,12470,0,1
1512744059742,12504,HTTP Request,200,OK,Thread Group 1-11,text,true,,6155,118,232,232,12504,0,1
1512744059766,13070,HTTP Request,200,OK,Thread Group 1-22,text,true,,6155,118,231,231,13070,0,1
1512744059781,13056,HTTP Request,200,OK,Thread Group 1-29,text,true,,6155,118,231,231,13055,0,2
1512744059792,13045,HTTP Request,200,OK,Thread Group 1-34,text,true,,6155,118,229,229,13045,0,1
1512744059746,13295,HTTP Request,200,OK,Thread Group 1-13,text,true,,6155,118,228,228,13295,0,1
1512744059777,13591,HTTP Request,200,OK,Thread Group 1-27,text,true,,6155,118,227,227,13591,0,3
1512744059723,13658,HTTP Request,200,OK,Thread Group 1-2,text,true,,6155,118,226,226,13658,0,1
1512744059729,14054,HTTP Request,200,OK,Thread Group 1-5,text,true,,6155,118,225,225,14054,0,1
1512744059736,14047,HTTP Request,200,OK,Thread Group 1-8,text,true,,6155,118,225,225,14047,0,1
1512744059757,14026,HTTP Request,200,OK,Thread Group 1-18,text,true,,6155,118,223,223,14026,0,1
1512744059783,14209,HTTP Request,200,OK,Thread Group 1-30,text,true,,6155,118,222,222,14209,0,1
1512744059751,14248,HTTP Request,200,OK,Thread Group 1-14,text,true,,6155,118,221,221,14248,0,1
1512744059800,14201,HTTP Request,200,OK,Thread Group 1-38,text,true,,6155,118,220,220,14201,0,2
1512744059770,14555,HTTP Request,200,OK,Thread Group 1-24,text,true,,6155,118,219,219,14555,0,1
1512744059731,14594,HTTP Request,200,OK,Thread Group 1-6,text,true,,6155,118,218,218,14594,0,2
1512744059811,14681,HTTP Request,200,OK,Thread Group 1-43,text,true,,6155,118,217,217,14681,0,1
1512744059789,14964,HTTP Request,200,OK,Thread Group 1-33,text,true,,6155,118,216,216,14964,0,0
1512744059821,15073,HTTP Request,200,OK,Thread Group 1-48,text,true,,6155,118,215,215,15073,0,1
1512744059806,15089,HTTP Request,200,OK,Thread Group 1-41,text,true,,6155,118,215,215,15089,0,1
1512744059798,15203,HTTP Request,200,OK,Thread Group 1-37,text,true,,6155,118,213,213,15203,0,4
1512744059813,15790,HTTP Request,200,OK,Thread Group 1-44,text,true,,6155,118,212,212,15790,0,1
1512744059838,15802,HTTP Request,200,OK,Thread Group 1-56,text,true,,6155,118,211,211,15802,0,1
1512744059733,15997,HTTP Request,200,OK,Thread Group 1-7,text,true,,6155,118,210,210,15997,0,1
1512744059823,16145,HTTP Request,200,OK,Thread Group 1-49,text,true,,6155,118,209,209,16145,0,1
1512744059808,16160,HTTP Request,200,OK,Thread Group 1-42,text,true,,6155,118,209,209,16160,0,1
1512744059796,16184,HTTP Request,200,OK,Thread Group 1-36,text,true,,6155,118,207,207,16184,0,3
1512744059825,16388,HTTP Request,200,OK,Thread Group 1-50,text,true,,6155,118,206,206,16388,0,2
1512744059831,16440,HTTP Request,200,OK,Thread Group 1-53,text,true,,6155,118,205,205,16440,0,3
1512744059779,16493,HTTP Request,200,OK,Thread Group 1-28,text,true,,6155,118,204,204,16493,0,2
1512744059815,16457,HTTP Request,200,OK,Thread Group 1-45,text,true,,6155,118,203,203,16457,0,1
1512744059804,17145,HTTP Request,200,OK,Thread Group 1-40,text,true,,6155,118,202,202,17145,0,2
1512744059833,17116,HTTP Request,200,OK,Thread Group 1-54,text,true,,6155,118,202,202,17116,0,2
1512744059865,17084,HTTP Request,200,OK,Thread Group 1-69,text,true,,6155,118,200,200,17084,0,1
1512744059772,17352,HTTP Request,200,OK,Thread Group 1-25,text,true,,6155,118,199,199,17352,0,1
1512744059827,17298,HTTP Request,200,OK,Thread Group 1-51,text,true,,6155,118,198,198,17298,0,1
1512744059836,17752,HTTP Request,200,OK,Thread Group 1-55,text,true,,6155,118,197,197,17752,0,1
1512744059850,17738,HTTP Request,200,OK,Thread Group 1-62,text,true,,6155,118,197,197,17738,0,1
1512744059829,17937,HTTP Request,200,OK,Thread Group 1-52,text,true,,6155,118,195,195,17937,0,2
1512744059863,17903,HTTP Request,200,OK,Thread Group 1-68,text,true,,6155,118,194,194,17903,0,1
1512744059846,17920,HTTP Request,200,OK,Thread Group 1-60,text,true,,6155,118,193,193,17920,0,1
1512744059817,18008,HTTP Request,200,OK,Thread Group 1-46,text,true,,6155,118,192,192,18008,0,1
1512744059802,18216,HTTP Request,200,OK,Thread Group 1-39,text,true,,6155,118,191,191,18216,0,1
1512744059819,18200,HTTP Request,200,OK,Thread Group 1-47,text,true,,6155,118,190,190,18200,0,1
1512744059852,18319,HTTP Request,200,OK,Thread Group 1-63,text,true,,6155,118,189,189,18319,0,3
1512744059872,18300,HTTP Request,200,OK,Thread Group 1-72,text,true,,6155,118,188,188,18300,0,1
1512744059848,18387,HTTP Request,200,OK,Thread Group 1-61,text,true,,6155,118,187,187,18387,0,1
1512744059840,18524,HTTP Request,200,OK,Thread Group 1-57,text,true,,6155,118,186,186,18524,0,1
1512744059854,18652,HTTP Request,200,OK,Thread Group 1-64,text,true,,6155,118,185,185,18652,0,2
1512744059884,18622,HTTP Request,200,OK,Thread Group 1-75,text,true,,6155,118,185,185,18622,0,1
1512744059899,18607,HTTP Request,200,OK,Thread Group 1-83,text,true,,6155,118,183,183,18607,0,2
1512744059844,19132,HTTP Request,200,OK,Thread Group 1-59,text,true,,6155,118,182,182,19132,0,2
1512744059842,19367,HTTP Request,200,OK,Thread Group 1-58,text,true,,6155,118,181,181,19367,0,1
1512744059859,20052,HTTP Request,200,OK,Thread Group 1-66,text,true,,6155,118,180,180,20052,0,2
1512744059884,20027,HTTP Request,200,OK,Thread Group 1-77,text,true,,6155,118,180,180,20027,0,1
1512744059873,20181,HTTP Request,200,OK,Thread Group 1-73,text,true,,6155,118,178,178,20181,0,2
1512744059892,20163,HTTP Request,200,OK,Thread Group 1-79,text,true,,6155,118,177,177,20163,0,1
1512744059898,20157,HTTP Request,200,OK,Thread Group 1-82,text,true,,6155,118,176,176,20157,0,3
1512744059924,20131,HTTP Request,200,OK,Thread Group 1-95,text,true,,6155,118,175,175,20131,0,1
1512744059860,20281,HTTP Request,200,OK,Thread Group 1-67,text,true,,6155,118,174,174,20281,0,1
1512744059876,20445,HTTP Request,200,OK,Thread Group 1-71,text,true,,6155,118,173,173,20445,0,1
1512744059857,20572,HTTP Request,200,OK,Thread Group 1-65,text,true,,6155,118,172,172,20572,0,1
1512744059906,20632,HTTP Request,200,OK,Thread Group 1-86,text,true,,6155,118,171,171,20632,0,1
1512744059914,20624,HTTP Request,200,OK,Thread Group 1-92,text,true,,6155,118,171,171,20624,0,3
1512744059889,20875,HTTP Request,200,OK,Thread Group 1-80,text,true,,6155,118,169,169,20875,0,1
1512744059916,21286,HTTP Request,200,OK,Thread Group 1-91,text,true,,6155,118,168,168,21286,0,1
1512744059916,21638,HTTP Request,200,OK,Thread Group 1-93,text,true,,6155,118,167,167,21638,0,1
1512744059899,21655,HTTP Request,200,OK,Thread Group 1-85,text,true,,6155,118,167,167,21655,0,2
1512744059870,22116,HTTP Request,200,OK,Thread Group 1-70,text,true,,6155,118,165,165,22116,0,1
1512744059908,22078,HTTP Request,200,OK,Thread Group 1-89,text,true,,6155,118,165,165,22078,0,1
1512744059879,22355,HTTP Request,200,OK,Thread Group 1-74,text,true,,6155,118,163,163,22355,0,1
1512744059891,22344,HTTP Request,200,OK,Thread Group 1-81,text,true,,6155,118,163,163,22344,0,1
1512744059906,22329,HTTP Request,200,OK,Thread Group 1-88,text,true,,6155,118,161,161,22329,0,1
1512744059890,22797,HTTP Request,200,OK,Thread Group 1-78,text,true,,6155,118,160,160,22797,0,1
1512744059922,22765,HTTP Request,200,OK,Thread Group 1-96,text,true,,6155,118,160,160,22765,0,1
1512744059908,23338,HTTP Request,200,OK,Thread Group 1-87,text,true,,6155,118,158,158,23338,0,1
1512744059930,23519,HTTP Request,200,OK,Thread Group 1-100,text,true,,6155,118,157,157,23519,0,1
1512744059939,23519,HTTP Request,200,OK,Thread Group 1-102,text,true,,6155,118,156,156,23519,0,1
1512744059933,23549,HTTP Request,200,OK,Thread Group 1-99,text,true,,6155,118,155,155,23549,0,0
1512744059930,23685,HTTP Request,200,OK,Thread Group 1-98,text,true,,6155,118,154,154,23685,0,1
1512744059897,24122,HTTP Request,200,OK,Thread Group 1-84,text,true,,6155,118,153,153,24122,0,1
1512744059880,24139,HTTP Request,200,OK,Thread Group 1-76,text,true,,6155,118,153,153,24139,0,0
1512744059943,24256,HTTP Request,200,OK,Thread Group 1-105,text,true,,6155,118,151,151,24256,0,0
1512744059957,24276,HTTP Request,200,OK,Thread Group 1-111,text,true,,6155,118,150,150,24276,0,0
1512744059914,24320,HTTP Request,200,OK,Thread Group 1-90,text,true,,6155,118,150,150,24320,0,3
1512744059925,24400,HTTP Request,200,OK,Thread Group 1-97,text,true,,6155,118,148,148,24400,0,0
1512744059948,24377,HTTP Request,200,OK,Thread Group 1-107,text,true,,6155,118,148,148,24377,0,1
1512744059971,25015,HTTP Request,200,OK,Thread Group 1-118,text,true,,6155,118,146,146,25015,0,1
1512744059939,25066,HTTP Request,200,OK,Thread Group 1-104,text,true,,6155,118,145,145,25066,0,1
1512744059967,25360,HTTP Request,200,OK,Thread Group 1-117,text,true,,6155,118,144,144,25360,0,2
1512744059934,25394,HTTP Request,200,OK,Thread Group 1-101,text,true,,6155,118,144,144,25394,0,1
1512744059922,25540,HTTP Request,200,OK,Thread Group 1-94,text,true,,6155,118,142,142,25540,0,1
1512744059974,25508,HTTP Request,200,OK,Thread Group 1-119,text,true,,6155,118,141,141,25507,0,0
1512744059940,26178,HTTP Request,200,OK,Thread Group 1-103,text,true,,6155,118,140,140,26178,0,1
1512744059955,26368,HTTP Request,200,OK,Thread Group 1-110,text,true,,6155,118,139,139,26367,0,1
1512744059963,26367,HTTP Request,200,OK,Thread Group 1-114,text,true,,6155,118,138,138,26367,0,0
1512744059947,26383,HTTP Request,200,OK,Thread Group 1-106,text,true,,6155,118,138,138,26383,0,1
1512744059979,26463,HTTP Request,200,OK,Thread Group 1-122,text,true,,6155,118,136,136,26463,0,5
1512744059966,26841,HTTP Request,200,OK,Thread Group 1-115,text,true,,6155,118,135,135,26841,0,1
1512744059948,27009,HTTP Request,200,OK,Thread Group 1-108,text,true,,6155,118,134,134,27009,0,1
1512744059966,27110,HTTP Request,200,OK,Thread Group 1-116,text,true,,6155,118,133,133,27110,0,1
1512744059957,27244,HTTP Request,200,OK,Thread Group 1-112,text,true,,6155,118,132,132,27244,0,0
1512744059987,27214,HTTP Request,200,OK,Thread Group 1-126,text,true,,6155,118,132,132,27214,0,2
1512744059983,28010,HTTP Request,200,OK,Thread Group 1-125,text,true,,6155,118,130,130,28010,0,2
1512744059990,28004,HTTP Request,200,OK,Thread Group 1-128,text,true,,6155,118,129,129,28004,0,0
1512744060016,28068,HTTP Request,200,OK,Thread Group 1-140,text,true,,6155,118,128,128,28068,0,1
1512744059998,28484,HTTP Request,200,OK,Thread Group 1-131,text,true,,6155,118,127,127,28484,0,1
1512744059974,28984,HTTP Request,200,OK,Thread Group 1-120,text,true,,6155,118,126,126,28984,0,0
1512744060012,29246,HTTP Request,200,OK,Thread Group 1-139,text,true,,6155,118,125,125,29246,0,1
1512744059990,29268,HTTP Request,200,OK,Thread Group 1-127,text,true,,6155,118,125,125,29268,0,0
1512744059950,29343,HTTP Request,200,OK,Thread Group 1-109,text,true,,6155,118,123,123,29343,0,1
1512744059981,29517,HTTP Request,200,OK,Thread Group 1-124,text,true,,6155,118,122,122,29517,0,4
1512744059995,29565,HTTP Request,200,OK,Thread Group 1-130,text,true,,6155,118,121,121,29565,0,1
1512744060006,29587,HTTP Request,200,OK,Thread Group 1-135,text,true,,6155,118,120,120,29587,0,0
1512744059959,29634,HTTP Request,200,OK,Thread Group 1-113,text,true,,6155,118,120,120,29634,0,0
1512744059974,29620,HTTP Request,200,OK,Thread Group 1-121,text,true,,6155,118,118,118,29620,0,1
1512744060003,29895,HTTP Request,200,OK,Thread Group 1-134,text,true,,6155,118,117,117,29895,0,1
1512744059992,29906,HTTP Request,200,OK,Thread Group 1-129,text,true,,6155,118,117,117,29906,0,0
1512744060019,30333,HTTP Request,200,OK,Thread Group 1-142,text,true,,6155,118,115,115,30333,0,1
1512744059999,30353,HTTP Request,200,OK,Thread Group 1-132,text,true,,6155,118,115,115,30353,0,1
1512744060002,30350,HTTP Request,200,OK,Thread Group 1-133,text,true,,6155,118,115,115,30350,0,1
1512744060047,30536,HTTP Request,200,OK,Thread Group 1-155,text,true,,6155,118,112,112,30536,0,1
1512744059981,30805,HTTP Request,200,OK,Thread Group 1-123,text,true,,6155,118,111,111,30804,0,4
1512744060008,30875,HTTP Request,200,OK,Thread Group 1-136,text,true,,6155,118,110,110,30875,0,0
1512744060017,30866,HTTP Request,200,OK,Thread Group 1-141,text,true,,6155,118,110,110,30866,0,2
1512744060009,30941,HTTP Request,200,OK,Thread Group 1-137,text,true,,6155,118,108,108,30941,0,1
1512744060024,30926,HTTP Request,200,OK,Thread Group 1-144,text,true,,6155,118,107,107,30926,0,2
1512744060010,31001,HTTP Request,200,OK,Thread Group 1-138,text,true,,6155,118,106,106,31001,0,1
1512744060030,30982,HTTP Request,200,OK,Thread Group 1-147,text,true,,6155,118,105,105,30982,0,1
1512744060053,31179,HTTP Request,200,OK,Thread Group 1-158,text,true,,6155,118,104,104,31179,0,1
1512744060051,31559,HTTP Request,200,OK,Thread Group 1-157,text,true,,6155,118,103,103,31559,0,1
1512744060033,32115,HTTP Request,200,OK,Thread Group 1-148,text,true,,6155,118,102,102,32115,0,1
1512744060021,32127,HTTP Request,200,OK,Thread Group 1-143,text,true,,6155,118,102,102,32127,0,1
1512744060064,32084,HTTP Request,200,OK,Thread Group 1-163,text,true,,6155,118,100,100,32084,0,1
1512744060048,32341,HTTP Request,200,OK,Thread Group 1-156,text,true,,6155,118,99,99,32341,0,1
1512744060067,32322,HTTP Request,200,OK,Thread Group 1-165,text,true,,6155,118,99,99,32322,0,1
1512744060035,32524,HTTP Request,200,OK,Thread Group 1-149,text,true,,6155,118,97,97,32524,0,0
1512744060028,32746,HTTP Request,200,OK,Thread Group 1-146,text,true,,6155,118,96,96,32746,0,0
1512744060036,32738,HTTP Request,200,OK,Thread Group 1-150,text,true,,6155,118,96,96,32738,0,2
1512744060044,32793,HTTP Request,200,OK,Thread Group 1-154,text,true,,6155,118,94,94,32793,0,1
1512744060056,33079,HTTP Request,200,OK,Thread Group 1-160,text,true,,6155,118,93,93,33079,0,1
1512744060041,33096,HTTP Request,200,OK,Thread Group 1-152,text,true,,6155,118,92,92,33096,0,1
1512744060091,33047,HTTP Request,200,OK,Thread Group 1-176,text,true,,6155,118,91,91,33047,0,1
1512744060055,33389,HTTP Request,200,OK,Thread Group 1-159,text,true,,6155,118,90,90,33389,0,1
1512744060038,33563,HTTP Request,200,OK,Thread Group 1-151,text,true,,6155,118,89,89,33563,0,1
1512744060071,33531,HTTP Request,200,OK,Thread Group 1-167,text,true,,6155,118,89,89,33531,0,1
1512744060026,34053,HTTP Request,200,OK,Thread Group 1-145,text,true,,6155,118,87,87,34053,0,0
1512744060069,34010,HTTP Request,200,OK,Thread Group 1-166,text,true,,6155,118,87,87,34010,0,1
1512744060066,34916,HTTP Request,200,OK,Thread Group 1-164,text,true,,6155,118,85,85,34916,0,0
1512744060104,34879,HTTP Request,200,OK,Thread Group 1-182,text,true,,6155,118,84,84,34879,0,0
1512744060081,34902,HTTP Request,200,OK,Thread Group 1-172,text,true,,6155,118,83,83,34902,0,1
1512744060083,35528,HTTP Request,200,OK,Thread Group 1-173,text,true,,6155,118,82,82,35528,0,1
1512744060087,35524,HTTP Request,200,OK,Thread Group 1-175,text,true,,6155,118,82,82,35524,0,1
1512744060105,35506,HTTP Request,200,OK,Thread Group 1-183,text,true,,6155,118,80,80,35506,0,1
1512744060117,35495,HTTP Request,200,OK,Thread Group 1-189,text,true,,6155,118,79,79,35495,0,1
1512744060074,35627,HTTP Request,200,OK,Thread Group 1-168,text,true,,6155,118,78,78,35627,0,0
1512744060042,35659,HTTP Request,200,OK,Thread Group 1-153,text,true,,6155,118,77,77,35659,0,1
1512744060059,35642,HTTP Request,200,OK,Thread Group 1-161,text,true,,6155,118,76,76,35642,0,2
1512744060077,35808,HTTP Request,200,OK,Thread Group 1-170,text,true,,6155,118,75,75,35808,0,1
1512744060113,36017,HTTP Request,200,OK,Thread Group 1-187,text,true,,6155,118,74,74,36017,0,1
1512744060145,36025,HTTP Request,200,OK,Thread Group 1-202,text,true,,6155,118,73,73,36025,0,1
1512744060075,36244,HTTP Request,200,OK,Thread Group 1-169,text,true,,6155,118,72,72,36244,0,1
1512744060108,36211,HTTP Request,200,OK,Thread Group 1-185,text,true,,6155,118,72,72,36211,0,2
1512744060141,36179,HTTP Request,200,OK,Thread Group 1-200,text,true,,6155,118,70,70,36179,0,1
1512744060061,36457,HTTP Request,200,OK,Thread Group 1-162,text,true,,6155,118,69,69,36457,0,1
1512744060107,36411,HTTP Request,200,OK,Thread Group 1-184,text,true,,6155,118,69,69,36411,0,3
1512744060131,36387,HTTP Request,200,OK,Thread Group 1-196,text,true,,6155,118,68,68,36387,0,1
1512744060093,36583,HTTP Request,200,OK,Thread Group 1-177,text,true,,6155,118,66,66,36583,0,1
1512744060095,36783,HTTP Request,200,OK,Thread Group 1-178,text,true,,6155,118,65,65,36783,0,1
1512744060126,36808,HTTP Request,200,OK,Thread Group 1-193,text,true,,6155,118,64,64,36808,0,0
1512744060085,36996,HTTP Request,200,OK,Thread Group 1-174,text,true,,6155,118,63,63,36996,0,1
1512744060123,36978,HTTP Request,200,OK,Thread Group 1-192,text,true,,6155,118,62,62,36978,0,1
1512744060165,37389,HTTP Request,200,OK,Thread Group 1-212,text,true,,6155,118,61,61,37389,0,1
1512744060102,37565,HTTP Request,200,OK,Thread Group 1-181,text,true,,6155,118,60,60,37565,0,1
1512744060143,37710,HTTP Request,200,OK,Thread Group 1-201,text,true,,6155,118,59,59,37710,0,1
1512744060079,37823,HTTP Request,200,OK,Thread Group 1-171,text,true,,6155,118,58,58,37823,0,1
1512744060100,37802,HTTP Request,200,OK,Thread Group 1-180,text,true,,6155,118,58,58,37802,0,2
1512744060155,37781,HTTP Request,200,OK,Thread Group 1-207,text,true,,6155,118,56,56,37781,0,1
1512744060098,37838,HTTP Request,200,OK,Thread Group 1-179,text,true,,6155,118,56,56,37838,0,1
1512744060121,37864,HTTP Request,200,OK,Thread Group 1-191,text,true,,6155,118,54,54,37864,0,1
1512744060111,37996,HTTP Request,200,OK,Thread Group 1-186,text,true,,6155,118,53,53,37996,0,1
1512744060139,37970,HTTP Request,200,OK,Thread Group 1-199,text,true,,6155,118,52,52,37970,0,1
1512744060121,37989,HTTP Request,200,OK,Thread Group 1-190,text,true,,6155,118,51,51,37989,0,1
1512744060186,38187,HTTP Request,200,OK,Thread Group 1-221,text,true,,6155,118,50,50,38187,0,1
1512744060201,38174,HTTP Request,200,OK,Thread Group 1-229,text,true,,6155,118,49,49,38173,0,1
1512744060223,38166,HTTP Request,200,OK,Thread Group 1-227,text,true,,6155,118,48,48,38166,0,1
1512744060135,38376,HTTP Request,200,OK,Thread Group 1-197,text,true,,6155,118,47,47,38376,0,2
1512744060147,38394,HTTP Request,200,OK,Thread Group 1-203,text,true,,6155,118,46,46,38394,0,1
1512744060171,38376,HTTP Request,200,OK,Thread Group 1-215,text,true,,6155,118,45,45,38376,0,2
1512744060168,38550,HTTP Request,200,OK,Thread Group 1-213,text,true,,6155,118,44,44,38550,0,2
1512744060173,38549,HTTP Request,200,OK,Thread Group 1-216,text,true,,6155,118,43,43,38549,0,1
1512744060116,38606,HTTP Request,200,OK,Thread Group 1-188,text,true,,6155,118,43,43,38606,0,0
1512744060163,38572,HTTP Request,200,OK,Thread Group 1-211,text,true,,6155,118,41,41,38572,0,1
1512744060150,38586,HTTP Request,200,OK,Thread Group 1-204,text,true,,6155,118,41,41,38586,0,1
1512744060180,38566,HTTP Request,200,OK,Thread Group 1-219,text,true,,6155,118,39,39,38566,0,2
1512744060131,38656,HTTP Request,200,OK,Thread Group 1-195,text,true,,6155,118,38,38,38656,0,1
1512744060137,38840,HTTP Request,200,OK,Thread Group 1-198,text,true,,6155,118,37,37,38840,0,1
1512744060152,38837,HTTP Request,200,OK,Thread Group 1-205,text,true,,6155,118,36,36,38837,0,1
1512744060170,38844,HTTP Request,200,OK,Thread Group 1-214,text,true,,6155,118,35,35,38844,0,0
1512744060154,38862,HTTP Request,200,OK,Thread Group 1-206,text,true,,6155,118,34,34,38862,0,0
1512744060190,38826,HTTP Request,200,OK,Thread Group 1-223,text,true,,6155,118,34,34,38826,0,1
1512744060219,38806,HTTP Request,200,OK,Thread Group 1-226,text,true,,6155,118,32,32,38806,0,1
1512744060229,38797,HTTP Request,200,OK,Thread Group 1-240,text,true,,6155,118,31,31,38797,0,1
1512744060207,39021,HTTP Request,200,OK,Thread Group 1-232,text,true,,6155,118,30,30,39021,0,1
1512744060239,38989,HTTP Request,200,OK,Thread Group 1-235,text,true,,6155,118,30,30,38989,0,1
1512744060218,39010,HTTP Request,200,OK,Thread Group 1-237,text,true,,6155,118,29,29,39010,0,0
1512744060186,39155,HTTP Request,200,OK,Thread Group 1-222,text,true,,6155,118,27,27,39155,0,1
1512744060127,39253,HTTP Request,200,OK,Thread Group 1-194,text,true,,6155,118,26,26,39253,0,1
1512744060159,39221,HTTP Request,200,OK,Thread Group 1-209,text,true,,6155,118,26,26,39221,0,1
1512744060175,39206,HTTP Request,200,OK,Thread Group 1-217,text,true,,6155,118,24,24,39206,0,1
1512744060193,39240,HTTP Request,200,OK,Thread Group 1-225,text,true,,6155,118,23,23,39240,0,4
1512744060236,39208,HTTP Request,200,OK,Thread Group 1-234,text,true,,6155,118,22,22,39208,0,1
1512744060253,39218,HTTP Request,200,OK,Thread Group 1-242,text,true,,6155,118,21,21,39218,0,0
1512744060234,39398,HTTP Request,200,OK,Thread Group 1-244,text,true,,6155,118,20,20,39398,0,1
1512744060161,39471,HTTP Request,200,OK,Thread Group 1-210,text,true,,6155,118,20,20,39471,0,1
1512744060158,39639,HTTP Request,200,OK,Thread Group 1-208,text,true,,6155,118,18,18,39639,0,0
1512744060199,39805,HTTP Request,200,OK,Thread Group 1-228,text,true,,6155,118,17,17,39805,0,1
1512744060247,39775,HTTP Request,200,OK,Thread Group 1-239,text,true,,6155,118,16,16,39775,0,4
1512744060254,39768,HTTP Request,200,OK,Thread Group 1-249,text,true,,6155,118,16,16,39768,0,2
1512744060182,40062,HTTP Request,200,OK,Thread Group 1-220,text,true,,6155,118,14,14,40062,0,1
1512744060179,40270,HTTP Request,200,OK,Thread Group 1-218,text,true,,6155,118,13,13,40270,0,2
1512744060191,40261,HTTP Request,200,OK,Thread Group 1-224,text,true,,6155,118,12,12,40261,0,1
1512744060232,40247,HTTP Request,200,OK,Thread Group 1-231,text,true,,6155,118,11,11,40247,0,1
1512744060226,40253,HTTP Request,200,OK,Thread Group 1-241,text,true,,6155,118,11,11,40253,0,1
1512744060247,40240,HTTP Request,200,OK,Thread Group 1-248,text,true,,6155,118,9,9,40240,0,4
1512744060215,40281,HTTP Request,200,OK,Thread Group 1-236,text,true,,6155,118,8,8,40281,0,1
1512744060247,40275,HTTP Request,200,OK,Thread Group 1-238,text,true,,6155,118,7,7,40275,0,4
1512744060210,40327,HTTP Request,200,OK,Thread Group 1-233,text,true,,6155,118,6,6,40327,0,1
1512744060254,40290,HTTP Request,200,OK,Thread Group 1-243,text,true,,6155,118,5,5,40290,0,2
1512744060260,40285,HTTP Request,200,OK,Thread Group 1-246,text,true,,6155,118,4,4,40284,0,1
1512744060247,40499,HTTP Request,200,OK,Thread Group 1-245,text,true,,6155,118,3,3,40499,0,4
1512744060260,40513,HTTP Request,200,OK,Thread Group 1-252,text,true,,6155,118,2,2,40513,0,1
1512744060229,40544,HTTP Request,200,OK,Thread Group 1-230,text,true,,6155,118,2,2,40544,0,1
